stem,model_psnr,model_ssim,model_lpips,baseline_psnr,baseline_ssim,baseline_lpips
000006,28.314213752746582,0.6874830722808838,0.30778199434280396,26.48524045944214,0.597217321395874,0.43468964099884033
000020,32.03753709793091,0.8658219575881958,0.37145161628723145,22.72902011871338,0.4004976153373718,0.5288302898406982
000044,19.58881139755249,0.7444607019424438,0.18387050926685333,18.886704444885254,0.6660001277923584,0.279765248298645
000065,27.033610343933105,0.7285212278366089,0.25586560368537903,23.043627738952637,0.5245745778083801,0.43901342153549194
000072,25.288329124450684,0.7423766851425171,0.250635027885437,22.968289852142334,0.7146623730659485,0.2392147183418274
000094,33.16814184188843,0.8535141944885254,0.28691038489341736,28.79026174545288,0.7130424380302429,0.28287994861602783
000096,20.2531099319458,0.6660451889038086,0.34103909134864807,18.94427180290222,0.6150833368301392,0.38009023666381836
000108,18.43005657196045,0.630918025970459,0.3127214312553406,18.004374504089355,0.6067687273025513,0.39105191826820374
000114,31.3643741607666,0.7838802337646484,0.4462442398071289,21.602323055267334,0.35434356331825256,0.5400235652923584
000123,30.07823944091797,0.9171963930130005,0.1188071221113205,24.484851360321045,0.7086308002471924,0.32799193263053894
000130,23.687329292297363,0.7929445505142212,0.2707734704017639,22.430341243743896,0.7626689076423645,0.2998550832271576
000141,23.73903751373291,0.8329957723617554,0.16021332144737244,21.26049518585205,0.6576722860336304,0.39919987320899963
000169,32.908456325531006,0.8196983337402344,0.4165070652961731,21.46678924560547,0.2552175521850586,0.5989908576011658
000172,28.225042819976807,0.5616149306297302,0.5217826962471008,18.826003074645996,0.21894657611846924,0.6502892971038818
000176,24.0966534614563,0.7081009149551392,0.24379999935626984,22.242658138275146,0.5695662498474121,0.46152400970458984
000181,28.498144149780273,0.7591349482536316,0.2088426947593689,25.742011070251465,0.6736226677894592,0.29390421509742737
000186,31.33296489715576,0.8954927325248718,0.17327240109443665,26.89635992050171,0.7800836563110352,0.26474446058273315
000191,24.975383281707764,0.7621600031852722,0.20420917868614197,23.215913772583008,0.6686055064201355,0.2957592010498047
000207,21.520156860351562,0.7217586040496826,0.2744894325733185,20.29148817062378,0.6415587663650513,0.40621626377105713
000224,24.54296588897705,0.47235721349716187,0.5617390871047974,21.665782928466797,0.43240848183631897,0.5123895406723022
000253,29.610509872436523,0.8713154792785645,0.2372605800628662,20.595037937164307,0.26101797819137573,0.6037037372589111
000258,20.797042846679688,0.7401444911956787,0.22032231092453003,19.820934534072876,0.694298505783081,0.28296178579330444
000265,32.28123664855957,0.8779308795928955,0.2155582308769226,27.953097820281982,0.6697602272033691,0.3164442777633667
000268,33.571977615356445,0.902285099029541,0.22235864400863647,21.328153610229492,0.3548193871974945,0.5288935899734497
000272,20.1548171043396,0.7372009754180908,0.2911560833454132,18.351184129714966,0.5759418606758118,0.35922932624816895
000287,31.59445285797119,0.7818145751953125,0.25915729999542236,27.94175148010254,0.6314879655838013,0.3510977625846863
000290,22.699804306030273,0.663995087146759,0.25775134563446045,21.386656761169434,0.616184413433075,0.37894773483276367
000296,24.534480571746826,0.7377623915672302,0.25154826045036316,22.928664684295654,0.6786015033721924,0.28061923384666443
000316,33.603715896606445,0.9182063341140747,0.28798431158065796,21.874279975891113,0.22555479407310486,0.7405091524124146
000325,31.07865333557129,0.9177873134613037,0.11279699951410294,28.53445291519165,0.8405635952949524,0.2257973849773407
000332,33.726327419281006,0.9465264678001404,0.07263876497745514,27.537009716033936,0.7906367182731628,0.32543623447418213
000339,34.676830768585205,0.9249774813652039,0.23399874567985535,26.55351161956787,0.6237349510192871,0.4251776337623596
000345,27.565414905548096,0.8010897040367126,0.20914286375045776,23.204126358032227,0.6725023984909058,0.28308072686195374
000359,28.165879249572754,0.8055076003074646,0.23752957582473755,26.760311126708984,0.7355701923370361,0.30004552006721497
000382,26.038434505462646,0.47201845049858093,0.812493622303009,22.379367351531982,0.38177692890167236,0.6911303997039795
000395,34.60038423538208,0.8706806898117065,0.4552760422229767,21.824586391448975,0.2748050093650818,0.6218852996826172
000397,25.277233123779297,0.3710119128227234,0.7555498480796814,18.64111065864563,0.2020571082830429,0.6145004630088806
000398,22.245159149169922,0.2628990709781647,0.8322489857673645,17.93697714805603,0.2288273423910141,0.687023401260376
000416,29.375710487365723,0.8818702101707458,0.20185443758964539,23.63128900527954,0.6675025224685669,0.3585110902786255
000418,28.0904221534729,0.5217963457107544,0.29806143045425415,23.365201950073242,0.39301323890686035,0.6259409189224243
000424,29.064311981201172,0.8170164823532104,0.24642547965049744,21.699185371398926,0.3895011246204376,0.5901784896850586
000428,27.761616706848145,0.875151515007019,0.13395202159881592,25.59053897857666,0.8256855607032776,0.16984710097312927
000435,31.086277961730957,0.7887356281280518,0.30962321162223816,28.403165340423584,0.7184735536575317,0.29063302278518677
000449,32.32374668121338,0.8651533126831055,0.4861564636230469,26.536195278167725,0.67778480052948,0.32916635274887085
000458,23.868608474731445,0.6763169765472412,0.2891146242618561,22.34910249710083,0.6001138687133789,0.37359291315078735
000459,23.98319721221924,0.6791715621948242,0.32855623960494995,22.44818925857544,0.6099578142166138,0.38159996271133423
000468,20.16679286956787,0.5362536311149597,0.4700765311717987,18.187133073806763,0.35724449157714844,0.5581076145172119
000483,30.71726083755493,0.8059353828430176,0.4111033082008362,21.442599296569824,0.4158063530921936,0.5068602561950684
000485,35.0382137298584,0.8751565217971802,0.20464658737182617,20.076603889465332,0.20924372971057892,0.7217540740966797
000495,24.29340362548828,0.3685069680213928,0.43706637620925903,21.10161066055298,0.3100133538246155,0.7784303426742554
000500,25.543341636657715,0.644594669342041,0.27854639291763306,20.64141273498535,0.4171701669692993,0.5400968790054321
000503,26.242661476135254,0.6760953664779663,0.3118368089199066,21.364002227783203,0.4623059630393982,0.4673716723918915
000511,24.226090908050537,0.6791505813598633,0.2668299973011017,23.54252338409424,0.6526416540145874,0.36330634355545044
000531,22.052526473999023,0.7436718940734863,0.2926114797592163,19.429510831832886,0.41123947501182556,0.6194899082183838
000540,27.123918533325195,0.7314531803131104,0.36417755484580994,20.867977142333984,0.36784815788269043,0.5017788410186768
000566,22.127490043640137,0.5514926910400391,0.30755478143692017,19.37839388847351,0.46820271015167236,0.3653876781463623
000578,23.67767333984375,0.8235830664634705,0.281819224357605,19.064102172851562,0.3779650926589966,0.5544552803039551
000595,23.42644214630127,0.7630264759063721,0.21159258484840393,21.25056743621826,0.6300456523895264,0.36353209614753723
000605,23.200340270996094,0.8515000343322754,0.1688426285982132,20.69662570953369,0.5837308168411255,0.4173499345779419
000615,25.192480087280273,0.7957321405410767,0.25361961126327515,24.414677619934082,0.7500147819519043,0.30753791332244873
000618,27.199501991271973,0.685142993927002,0.34931203722953796,23.150451183319092,0.5087319612503052,0.43146416544914246
000620,28.80718231201172,0.80841064453125,0.20369260013103485,22.519454956054688,0.5194156169891357,0.40830785036087036
000639,26.660802364349365,0.7826170921325684,0.22881406545639038,24.25614833831787,0.6998529434204102,0.28278541564941406
000641,20.348999500274658,0.4253764748573303,0.39309772849082947,18.77384305000305,0.4102107882499695,0.646625816822052
000667,33.11704397201538,0.9814168214797974,0.05005309730768204,32.28412866592407,0.9572000503540039,0.11456148326396942
000682,28.171327114105225,0.8933504819869995,0.12064521014690399,23.147249221801758,0.6788703203201294,0.362893283367157
000687,29.483449459075928,0.852029025554657,0.2876291275024414,21.385643482208252,0.3812386393547058,0.5225291848182678
000694,28.387038707733154,0.8860518932342529,0.1615140438079834,25.65040111541748,0.7660760879516602,0.3388196527957916
000706,20.615756511688232,0.3259887099266052,0.4191330075263977,19.091219902038574,0.2787257730960846,0.8260585069656372
000720,23.550491333007812,0.7614699602127075,0.2515127956867218,22.522659301757812,0.7293325662612915,0.28884556889533997
000721,27.581112384796143,0.9000717401504517,0.11534173041582108,25.00476837158203,0.8333364725112915,0.20109307765960693
000735,24.42330837249756,0.4991276264190674,0.4187329411506653,19.343688488006592,0.31367379426956177,0.5505867004394531
000758,34.389004707336426,0.891036868095398,0.2818693518638611,25.508694648742676,0.6768618822097778,0.2575632929801941
000761,23.660495281219482,0.3768392503261566,0.41916754841804504,20.92299461364746,0.3371555209159851,0.7682614922523499
000766,28.27864646911621,0.818440318107605,0.31386566162109375,24.72416400909424,0.7077281475067139,0.2809394299983978
000767,28.78936529159546,0.8204251527786255,0.32786089181900024,24.622833728790283,0.7037216424942017,0.295747309923172
000768,22.43231773376465,0.7665513157844543,0.2501947581768036,20.899629592895508,0.6697916388511658,0.32674697041511536
000776,22.649896144866943,0.8346896171569824,0.22490505874156952,19.2190945148468,0.4747718870639801,0.5186213254928589
000778,22.57420778274536,0.567894458770752,0.287371963262558,19.35793399810791,0.4190065264701843,0.5110063552856445
000782,30.815632343292236,0.7806634306907654,0.6806694269180298,23.875982761383057,0.46754634380340576,0.4670368432998657
000786,34.40115213394165,0.9196265935897827,0.16105949878692627,31.287517547607422,0.8568368554115295,0.19508789479732513
000791,37.56458520889282,0.9526333212852478,0.22812044620513916,24.944868087768555,0.6199809312820435,0.4087250232696533
000819,21.10323429107666,0.5824862122535706,0.3340250849723816,20.269474983215332,0.5810596346855164,0.39623352885246277
000823,37.32022285461426,0.9266670346260071,0.16110661625862122,35.24117469787598,0.8877882361412048,0.1350191980600357
000827,31.461682319641113,0.9158759117126465,0.16542869806289673,28.891899585723877,0.8387640118598938,0.235046848654747
000831,33.28587770462036,0.832018256187439,0.3554084002971649,26.118836402893066,0.4380204379558563,0.5164114832878113
000832,26.164889335632324,0.9011608958244324,0.1833752989768982,21.672959327697754,0.41208118200302124,0.5542968511581421
000837,26.59864902496338,0.8278079032897949,0.19124968349933624,25.726149082183838,0.8061133027076721,0.21341350674629211
000840,27.50981092453003,0.8540297746658325,0.16668924689292908,24.31058168411255,0.7491632699966431,0.2725696563720703
000864,19.490302801132202,0.6906833648681641,0.31025993824005127,18.46757411956787,0.6209897994995117,0.44186195731163025
000886,29.916412830352783,0.893390417098999,0.11919031292200089,27.37182855606079,0.7954302430152893,0.2162654846906662
000888,27.513298988342285,0.7466975450515747,0.3259933590888977,20.438556671142578,0.3729217052459717,0.5348272919654846
000895,27.203688621520996,0.813752293586731,0.29983800649642944,20.881028175354004,0.30878227949142456,0.5931636691093445
000899,31.697797775268555,0.9370706081390381,0.16285587847232819,21.247177124023438,0.3382960855960846,0.5133043527603149
000921,25.967447757720947,0.7787775993347168,0.26754435896873474,23.541765213012695,0.6481658220291138,0.33334261178970337
000924,37.82658576965332,0.9788192510604858,0.032865673303604126,22.477986812591553,0.4319521188735962,0.4448258876800537
000926,30.359854698181152,0.6873458623886108,0.2927466630935669,26.751322746276855,0.5877958536148071,0.38583138585090637
000931,27.509543895721436,0.796646237373352,0.1570771485567093,22.821979522705078,0.6100739240646362,0.42470279335975647
000948,27.3921537399292,0.8472300171852112,0.22529786825180054,22.04969882965088,0.4309822916984558,0.5184863805770874
000961,33.438172340393066,0.7741495370864868,0.5232963562011719,23.358709812164307,0.38534462451934814,0.5522883534431458
000980,21.992950439453125,0.6281525492668152,0.3086468577384949,21.46841049194336,0.6122385263442993,0.3426719009876251
000981,24.43673610687256,0.7492930889129639,0.24794256687164307,19.753040075302124,0.37611472606658936,0.5664514899253845
000986,27.523231506347656,0.8410984873771667,0.23652461171150208,20.275096893310547,0.40037983655929565,0.46470004320144653
000989,31.3972806930542,0.8987399935722351,0.16323316097259521,21.077628135681152,0.3373594284057617,0.5534673929214478
001003,27.639002799987793,0.5762988328933716,0.6265610456466675,19.64830994606018,0.26527640223503113,0.6688888669013977
001023,26.59766435623169,0.7743322849273682,0.23313042521476746,25.623953342437744,0.7520706057548523,0.2599352300167084
001024,27.894892692565918,0.8853774666786194,0.15136703848838806,22.385892868041992,0.5373349189758301,0.4427163004875183
001026,27.579381465911865,0.5052930116653442,0.5448566675186157,23.007755279541016,0.3723059594631195,0.7117151021957397
001027,27.556066513061523,0.5012083649635315,0.48131322860717773,21.166791915893555,0.28636980056762695,0.7845864295959473
001034,21.99803352355957,0.7184979319572449,0.29317960143089294,20.80167531967163,0.6858435869216919,0.3322587013244629
001039,24.832255840301514,0.6889015436172485,0.36228737235069275,20.96534013748169,0.46323513984680176,0.4790123701095581
001051,30.94752311706543,0.7970485091209412,0.37515610456466675,21.53278112411499,0.3481845259666443,0.3797842860221863
001054,36.54858589172363,0.9694613218307495,0.06307709962129593,22.72782325744629,0.4946369230747223,0.5587592720985413
001070,23.643808364868164,0.797892689704895,0.2633954882621765,22.19782590866089,0.7109826803207397,0.4259360730648041
001082,39.46413040161133,0.9384070634841919,0.19520223140716553,23.445520401000977,0.3622262179851532,0.558745265007019
001087,35.48685550689697,0.9531185626983643,0.16572998464107513,28.70063304901123,0.8516007661819458,0.1680247038602829
001088,25.644121170043945,0.853182315826416,0.1641179621219635,20.326943397521973,0.5283612012863159,0.5322356224060059
001090,28.99291753768921,0.8772570490837097,0.16637104749679565,22.365729808807373,0.5722643136978149,0.5451425909996033
001092,24.543335437774658,0.7972227931022644,0.18144482374191284,21.784276962280273,0.6481766700744629,0.3438182473182678
001101,33.58098745346069,0.9705092906951904,0.042038317769765854,19.872558116912842,0.18734422326087952,0.6171950697898865
001110,22.744553089141846,0.828615665435791,0.12470868974924088,19.695333242416382,0.5090525150299072,0.41238000988960266
001135,20.64373254776001,0.7390201687812805,0.26011013984680176,18.64711046218872,0.575895369052887,0.48246270418167114
001137,27.706453800201416,0.8408619165420532,0.19958317279815674,22.986290454864502,0.6063041090965271,0.32717517018318176
001157,28.10011386871338,0.5627269148826599,0.18288001418113708,25.291156768798828,0.4790348708629608,0.48183807730674744
001166,31.60280466079712,0.898892879486084,0.28058528900146484,21.471121311187744,0.32310622930526733,0.5806018114089966
001168,31.022281646728516,0.8454124927520752,0.19628414511680603,29.91786479949951,0.8193837404251099,0.20899462699890137
001169,27.158329486846924,0.5995175838470459,0.3528546988964081,24.29839849472046,0.502822995185852,0.47138312458992004
001170,27.32332468032837,0.610588550567627,0.34363651275634766,24.520277976989746,0.5191401243209839,0.44270920753479004
001174,31.87901020050049,0.9183330535888672,0.19878549873828888,20.9509015083313,0.35500186681747437,0.6962571144104004
001175,32.7049994468689,0.9263619780540466,0.17640691995620728,21.832802295684814,0.3391513228416443,0.7262935638427734
001180,23.834266662597656,0.7895256280899048,0.25063785910606384,22.792608737945557,0.7436343431472778,0.3046036660671234
001216,25.482161045074463,0.7011038064956665,0.3224906027317047,24.204931259155273,0.6577434539794922,0.387018620967865
001221,27.9648756980896,0.8229358792304993,0.23598425090312958,25.18167734146118,0.6971597671508789,0.31310343742370605
001280,19.995979070663452,0.7173272371292114,0.25349241495132446,18.849289417266846,0.6784433126449585,0.2957196533679962
001281,22.413432598114014,0.5038052797317505,0.4907453656196594,21.721796989440918,0.48480623960494995,0.6372549533843994
001298,32.21445560455322,0.8836872577667236,0.21758852899074554,23.457303047180176,0.43489187955856323,0.5762516856193542
001300,34.94833469390869,0.9448531866073608,0.0914561077952385,22.250001430511475,0.3410221338272095,0.6097264885902405
001307,22.607851028442383,0.5194149017333984,0.35420626401901245,18.252843618392944,0.34656232595443726,0.5870490670204163
001315,19.110640287399292,0.6384531259536743,0.36339032649993896,18.15967559814453,0.5679863691329956,0.4433205723762512
001326,23.40705633163452,0.7761738300323486,0.2155030220746994,21.890196800231934,0.7120814919471741,0.3279474675655365
001334,20.67922830581665,0.4639264941215515,0.4953305125236511,19.35213804244995,0.4367833435535431,0.677230715751648
001350,32.11025953292847,0.6832128763198853,0.48091810941696167,23.513996601104736,0.35425329208374023,0.5949674248695374
001356,22.988252639770508,0.6759998202323914,0.29842135310173035,22.126309871673584,0.6593514084815979,0.3641666769981384
001361,22.564513683319092,0.3685036301612854,0.3778977692127228,19.51607346534729,0.306618869304657,0.7053031325340271
001362,23.303275108337402,0.37150683999061584,0.39856722950935364,19.86229658126831,0.3064904808998108,0.7308007478713989
001371,23.105497360229492,0.6833203434944153,0.289876252412796,21.126389503479004,0.6058940887451172,0.35963737964630127
001375,27.252483367919922,0.8451474905014038,0.1920376718044281,22.44389295578003,0.6103166341781616,0.40921738743782043
001379,26.5242862701416,0.739974856376648,0.2217719703912735,21.60391092300415,0.49678587913513184,0.4516599774360657
001386,18.61467957496643,0.779334306716919,0.1136590912938118,17.653380632400513,0.6804752349853516,0.21326547861099243
001387,18.512321710586548,0.7720442414283752,0.11224769055843353,17.48692512512207,0.6716164350509644,0.2295312136411667
001421,28.9937162399292,0.8389330506324768,0.2971189320087433,21.407170295715332,0.3646194338798523,0.6196265816688538
001432,35.62996864318848,0.9547942876815796,0.14855819940567017,24.308230876922607,0.38839858770370483,0.6024303436279297
001435,37.052438259124756,0.9620360136032104,0.06102313846349716,21.848206520080566,0.2784644067287445,0.5440568923950195
001438,29.909040927886963,0.7998305559158325,0.23593437671661377,24.25675392150879,0.5008268356323242,0.40176716446876526
001451,35.541064739227295,0.8849257230758667,0.32337701320648193,20.907254219055176,0.2873309850692749,0.5907996892929077
001460,24.38159942626953,0.6734552383422852,0.31855857372283936,22.779557704925537,0.5998479723930359,0.44188863039016724
001466,35.87780237197876,0.9411062598228455,0.09999270737171173,24.05306100845337,0.546423077583313,0.37036487460136414
001471,26.5608549118042,0.8696467280387878,0.21136412024497986,23.032093048095703,0.7315605878829956,0.2515547275543213
001478,29.113857746124268,0.8600587844848633,0.16462485492229462,25.481281280517578,0.7209451198577881,0.3532204329967499
001508,22.65265703201294,0.7404521107673645,0.2699025869369507,19.789466857910156,0.48005661368370056,0.5758515000343323
001512,31.43622875213623,0.9180617332458496,0.1678590476512909,20.990710258483887,0.2482088953256607,0.6805578470230103
001513,25.05197286605835,0.7250860929489136,0.21173441410064697,24.578425884246826,0.7103271484375,0.2490435540676117
001519,33.65970849990845,0.9001951217651367,0.35897231101989746,27.517364025115967,0.7178879380226135,0.3102457821369171
001531,30.815718173980713,0.6984005570411682,0.4385448396205902,26.54893159866333,0.5671104192733765,0.3801206350326538
001538,32.76583909988403,0.9119620323181152,0.19249297678470612,27.381291389465332,0.6812238693237305,0.40780654549598694
001540,31.488232612609863,0.9358856678009033,0.06470657140016556,20.5292010307312,0.3253515958786011,0.5464310646057129
001554,25.714471340179443,0.7323517799377441,0.32239601016044617,20.6888747215271,0.46856096386909485,0.45777627825737
001556,29.06092405319214,0.8974297642707825,0.3243418037891388,20.26646614074707,0.2530211806297302,0.6266605854034424
001565,29.004950523376465,0.8811566829681396,0.15600965917110443,23.78286123275757,0.6612356305122375,0.30877822637557983
001572,20.250775814056396,0.6138921976089478,0.38339677453041077,19.6298348903656,0.6043346524238586,0.4788573980331421
001577,36.51151895523071,0.9425367116928101,0.15455865859985352,33.4489369392395,0.8590601682662964,0.16919833421707153
001587,23.199772834777832,0.7452332377433777,0.23199394345283508,21.983110904693604,0.7045299410820007,0.31320831179618835
001597,27.773232460021973,0.7931493520736694,0.3097326457500458,21.314208507537842,0.3511176109313965,0.5720395445823669
001612,35.94520568847656,0.867599606513977,0.27503708004951477,21.57132387161255,0.3288609981536865,0.5161542296409607
001618,29.63326930999756,0.7375088930130005,0.38285502791404724,22.474489212036133,0.4743753671646118,0.4651097059249878
001623,32.11092233657837,0.8948206901550293,0.21313422918319702,21.959173679351807,0.37944018840789795,0.5511075258255005
001639,22.585034370422363,0.7708463668823242,0.22985957562923431,21.717689037322998,0.736352801322937,0.31649065017700195
001654,28.05743932723999,0.665848433971405,0.3414575159549713,22.342703342437744,0.4596344828605652,0.4796440005302429
001691,28.757400512695312,0.6680318713188171,0.5713167786598206,22.95168161392212,0.4132128357887268,0.6478685736656189
001696,28.06239604949951,0.9129613637924194,0.1035447046160698,24.014358520507812,0.7834702730178833,0.35661089420318604
001724,27.70075559616089,0.7851541042327881,0.3063047230243683,25.071473121643066,0.6245163679122925,0.32302865386009216
001735,35.479736328125,0.8620448708534241,0.3260849416255951,29.456124305725098,0.7579324841499329,0.26378780603408813
001740,29.854824542999268,0.7803080677986145,0.27407190203666687,27.118699550628662,0.6524100303649902,0.31299343705177307
001753,23.624145984649658,0.8463400602340698,0.14573431015014648,20.355868339538574,0.45319464802742004,0.4251788258552551
001756,30.023505687713623,0.8847221732139587,0.13601931929588318,26.97333574295044,0.7510347962379456,0.27173203229904175
001778,22.824201583862305,0.7900514602661133,0.2008851170539856,20.605685710906982,0.6276298761367798,0.3497067987918854
001779,22.340943813323975,0.778001070022583,0.20548860728740692,20.148837566375732,0.6286529302597046,0.3339967131614685
001807,26.27575397491455,0.8011802434921265,0.235341876745224,23.39808702468872,0.6501676440238953,0.360748291015625
001822,21.392858028411865,0.6673413515090942,0.33673620223999023,19.560030698776245,0.5707310438156128,0.5049312114715576
001827,43.21787357330322,0.9704332947731018,0.0875684842467308,40.110650062561035,0.9294322729110718,0.13126058876514435
001835,24.59986686706543,0.8038979768753052,0.25023266673088074,23.364133834838867,0.7668188214302063,0.2890668213367462
001844,26.874635219573975,0.6990222930908203,0.36886927485466003,22.228846549987793,0.520726203918457,0.48571908473968506
001861,31.09463930130005,0.6608787178993225,0.40062618255615234,21.711771488189697,0.3046650290489197,0.6146336793899536
001875,21.833701133728027,0.7335811853408813,0.28228461742401123,21.508326530456543,0.7239140272140503,0.31202900409698486
001893,24.214982986450195,0.792731523513794,0.1649816930294037,20.29737949371338,0.4372483491897583,0.4129754900932312
001899,26.994047164916992,0.4345889091491699,0.4736320972442627,20.89003324508667,0.26793742179870605,0.6802839040756226
001902,34.33972120285034,0.9597272872924805,0.05467178300023079,27.566750049591064,0.800749659538269,0.35242724418640137
001906,29.640088081359863,0.858583390712738,0.21439814567565918,19.755629301071167,0.3031218647956848,0.619324803352356
001908,18.434330224990845,0.5388182997703552,0.4675295352935791,18.316062688827515,0.6102570295333862,0.3723437786102295
001910,29.514451026916504,0.8621941208839417,0.16471783816814423,27.165579795837402,0.7468605637550354,0.3893085718154907
001927,23.880250453948975,0.26811665296554565,0.8070645928382874,19.101996421813965,0.21872618794441223,0.6345272064208984
001967,27.190251350402832,0.7722538113594055,0.32406118512153625,21.974575519561768,0.558394193649292,0.4586836099624634
001969,29.435548782348633,0.6087754368782043,0.5788479447364807,21.889684200286865,0.3244633674621582,0.4649742841720581
001974,22.814066410064697,0.8728358149528503,0.14902976155281067,22.130229473114014,0.8282715082168579,0.17044615745544434
001980,28.72980833053589,0.9048868417739868,0.1396392583847046,26.082844734191895,0.7825029492378235,0.2530977427959442
001986,32.873358726501465,0.8685766458511353,0.2566533386707306,21.926264762878418,0.3143658936023712,0.5354573726654053
001998,30.221469402313232,0.7987561821937561,0.304972767829895,26.914386749267578,0.6835965514183044,0.2895869314670563
002012,26.705257892608643,0.8084851503372192,0.1995064616203308,22.92236566543579,0.6395220756530762,0.3874082863330841
002014,31.18455171585083,0.90277099609375,0.10678432881832123,25.66143274307251,0.7234514951705933,0.37380775809288025
002024,19.481877088546753,0.672624945640564,0.3091772496700287,18.722755908966064,0.6200004816055298,0.3785944879055023
002027,26.922059059143066,0.7973249554634094,0.29183685779571533,20.490715503692627,0.3492854833602905,0.5725783109664917
002054,24.960503578186035,0.7623860836029053,0.247505784034729,22.785048484802246,0.6913810968399048,0.37428247928619385
002067,23.19525718688965,0.6913878321647644,0.2572655975818634,20.672450065612793,0.6115946173667908,0.33032459020614624
002069,36.71639442443848,0.9410762786865234,0.18171635270118713,31.329777240753174,0.8147249221801758,0.24717627465724945
002079,24.594440460205078,0.8311479091644287,0.1477843075990677,23.142383098602295,0.7927302122116089,0.23297350108623505
002112,27.87984848022461,0.8751968145370483,0.1080111563205719,24.01369333267212,0.7516576647758484,0.25310686230659485
002116,32.11834907531738,0.887931764125824,0.41159072518348694,23.203537464141846,0.463001012802124,0.5569273233413696
002141,35.631253719329834,0.9640554189682007,0.14621461927890778,20.793111324310303,0.19429932534694672,0.6205369234085083
002146,23.112950325012207,0.6478034257888794,0.2922990918159485,21.48292303085327,0.6157017946243286,0.3323461711406708
002158,27.396767139434814,0.6486834287643433,0.441843181848526,21.481151580810547,0.4464793801307678,0.4549536108970642
002164,23.32341194152832,0.7717172503471375,0.23110701143741608,20.28890371322632,0.5179955959320068,0.4588348865509033
002175,25.501301288604736,0.8915702104568481,0.16126833856105804,22.42457151412964,0.7106615304946899,0.36568617820739746
002187,32.04559803009033,0.922077476978302,0.20429471135139465,22.10770845413208,0.48562541604042053,0.47036415338516235
002198,31.787419319152832,0.8593032360076904,0.1659497320652008,28.88458490371704,0.7675704956054688,0.2624853253364563
002216,30.190532207489014,0.9008586406707764,0.13003456592559814,29.657771587371826,0.8882907032966614,0.1370047777891159
002217,38.78884315490723,0.9477702975273132,0.10438701510429382,37.10688829421997,0.9212335348129272,0.10343977808952332
002225,41.8281888961792,0.9658091068267822,0.12019297480583191,39.338929653167725,0.9267286062240601,0.16308410465717316
002241,26.685752868652344,0.4900173544883728,0.37694814801216125,22.72704839706421,0.41430267691612244,0.5690467357635498
002246,31.889965534210205,0.8344115018844604,0.21795858442783356,29.12768840789795,0.7455006837844849,0.2700924873352051
002266,25.93493938446045,0.8999539613723755,0.1354081928730011,24.601900577545166,0.7957097291946411,0.23082351684570312
002268,26.999330520629883,0.8409131169319153,0.32029396295547485,23.608779907226562,0.7250254154205322,0.2420877069234848
002269,33.701090812683105,0.8979219198226929,0.1874542087316513,30.19808292388916,0.8073784112930298,0.280647873878479
002270,34.35490369796753,0.8970600366592407,0.1890917718410492,31.039881706237793,0.8021307587623596,0.30105194449424744
002284,25.609591007232666,0.7217681407928467,0.26208940148353577,24.412081241607666,0.65411776304245,0.3520409166812897
002286,23.344216346740723,0.7501046657562256,0.23077762126922607,22.718687057495117,0.7259206175804138,0.3048008978366852
002297,28.974339962005615,0.7979042530059814,0.21774128079414368,25.699129104614258,0.6332285404205322,0.3683857023715973
002299,27.62913227081299,0.7392450571060181,0.3303373456001282,23.973000049591064,0.5528554916381836,0.4736206531524658
002344,30.471932888031006,0.9110324382781982,0.23679287731647491,26.99756145477295,0.8223900198936462,0.20103180408477783
002363,24.367868900299072,0.8018558025360107,0.20631460845470428,22.439134120941162,0.7043067216873169,0.30667465925216675
002370,35.04338979721069,0.9333396553993225,0.21868285536766052,28.748648166656494,0.7818770408630371,0.2281648814678192
002375,28.873701095581055,0.8636223077774048,0.17532268166542053,23.40040922164917,0.5322744846343994,0.4916234612464905
002386,22.05559253692627,0.40429866313934326,0.533668577671051,18.661532402038574,0.29994961619377136,0.6594136357307434
002413,35.668044090270996,0.9578808546066284,0.13882562518119812,22.132174968719482,0.28597721457481384,0.634583592414856
002432,29.605603218078613,0.9200296998023987,0.16995024681091309,20.043346881866455,0.23427075147628784,0.6168571710586548
002437,20.776445865631104,0.2987573444843292,0.48955512046813965,18.487001657485962,0.23348481953144073,0.8357436656951904
002451,32.649641036987305,0.867409348487854,0.3146318197250366,26.30126714706421,0.5703694224357605,0.4502106010913849
002460,37.10901498794556,0.9240750074386597,0.28684327006340027,34.74628925323486,0.8938667178153992,0.13525494933128357
002471,28.233425617218018,0.5286962985992432,0.6050525903701782,20.18742799758911,0.24079950153827667,0.3787601590156555
002483,28.672783374786377,0.9408842325210571,0.07741160690784454,19.27122950553894,0.21138516068458557,0.602340579032898
002485,33.37347984313965,0.7728787064552307,0.40883705019950867,25.598430633544922,0.45002034306526184,0.4998430609703064
002506,38.636226654052734,0.9522102475166321,0.13493838906288147,22.590370178222656,0.5864971876144409,0.3609166145324707
002514,30.09565830230713,0.9125543832778931,0.10062820464372635,27.881572246551514,0.8419694304466248,0.17314782738685608
002518,23.11838388442993,0.34918180108070374,0.464745432138443,19.443719387054443,0.28039929270744324,0.7415558099746704
002527,24.54181671142578,0.8064401149749756,0.2303173542022705,20.25575876235962,0.4794045686721802,0.5534716844558716
002550,29.926111698150635,0.9041241407394409,0.17601364850997925,27.58040189743042,0.8245069980621338,0.24396395683288574
002552,27.327048778533936,0.7914330363273621,0.30011186003685,24.147794246673584,0.6373540163040161,0.40447914600372314
002563,26.811418533325195,0.7981581091880798,0.2833312451839447,23.460166454315186,0.5701864957809448,0.4498143196105957
002570,27.40346908569336,0.5162254571914673,0.4837265908718109,21.18152141571045,0.3200768232345581,0.6249724626541138
002587,30.6087327003479,0.8866300582885742,0.13087522983551025,28.54320764541626,0.8346990346908569,0.22497904300689697
002600,30.256640911102295,0.8274248838424683,0.22120948135852814,23.880140781402588,0.559374213218689,0.4197075068950653
002601,28.463165760040283,0.7238380908966064,0.28965339064598083,26.74583673477173,0.694421112537384,0.2566604018211365
002616,23.256449699401855,0.6948109269142151,0.25990092754364014,20.457804203033447,0.5824810266494751,0.3388690948486328
002617,26.740305423736572,0.8137377500534058,0.21221572160720825,23.859446048736572,0.753998339176178,0.24353744089603424
002623,29.989538192749023,0.8000617623329163,0.29583340883255005,23.717622756958008,0.4290812015533447,0.5187829732894897
002624,27.171125411987305,0.4770475924015045,0.4028714895248413,20.71803331375122,0.2551966905593872,0.7216389775276184
002657,29.895243644714355,0.8078032732009888,0.2968531548976898,27.31330394744873,0.645236611366272,0.4029023349285126
002659,30.17183542251587,0.8172532320022583,0.3256019949913025,27.886474132537842,0.6854005455970764,0.37844887375831604
002671,24.994194507598877,0.7705922722816467,0.2684791088104248,20.364055633544922,0.46658629179000854,0.4021630883216858
002677,27.90097951889038,0.7453555464744568,0.23870804905891418,21.037311553955078,0.3849782347679138,0.5311658978462219
002698,24.567642211914062,0.3798012137413025,0.5533981323242188,21.330089569091797,0.3345879316329956,0.8083958029747009
002703,34.92685556411743,0.8686678409576416,0.45290666818618774,28.560810089111328,0.6052046418190002,0.4402024745941162
002709,28.349108695983887,0.7648231983184814,0.26098787784576416,21.760120391845703,0.41662508249282837,0.54217129945755
002711,27.120962142944336,0.7065123915672302,0.2650371491909027,19.995118379592896,0.33261722326278687,0.5918413996696472
002714,20.917863845825195,0.38032543659210205,0.663264811038971,19.590669870376587,0.37238478660583496,0.7306016087532043
002725,31.905348300933838,0.8718546628952026,0.16358372569084167,28.175230026245117,0.7473907470703125,0.2779502272605896
002736,28.315281867980957,0.8678140044212341,0.1566917449235916,24.97459888458252,0.7409526109695435,0.28728219866752625
002753,33.28004837036133,0.9130053520202637,0.09948145598173141,27.680437564849854,0.6469647288322449,0.4667631983757019
002764,26.998894214630127,0.7275002598762512,0.21724426746368408,23.25601577758789,0.5768674612045288,0.3509642779827118
002778,22.351250648498535,0.7491722106933594,0.3217194378376007,21.505613327026367,0.7051041126251221,0.40995895862579346
002796,26.236860752105713,0.8640154004096985,0.15989843010902405,20.13338565826416,0.30080386996269226,0.6154595613479614
002809,30.463581085205078,0.706924319267273,0.4037129580974579,28.857285976409912,0.6562089920043945,0.3980751037597656
002813,28.853843212127686,0.9087976813316345,0.12774720788002014,21.942617893218994,0.5663304328918457,0.46534302830696106
002814,29.731106758117676,0.923180103302002,0.08947449922561646,23.196110725402832,0.6127203106880188,0.4322655200958252
002815,29.194974899291992,0.9177632331848145,0.10121472179889679,23.993163108825684,0.6872297525405884,0.4047870635986328
002834,23.492980003356934,0.7875836491584778,0.23531760275363922,22.241568565368652,0.7305275201797485,0.3682655692100525
002852,21.342923641204834,0.6078375577926636,0.3560410737991333,20.350332260131836,0.55210280418396,0.4395090937614441
002855,21.063575744628906,0.7244700193405151,0.21413554251194,20.60633420944214,0.7129115462303162,0.28543591499328613
002871,33.497798442840576,0.8164032697677612,0.34097006916999817,23.31406593322754,0.4422159790992737,0.5065344572067261
002876,27.40885019302368,0.48347288370132446,0.3737129867076874,23.670527935028076,0.3875850737094879,0.6709268093109131
002881,30.10477304458618,0.8738662600517273,0.18897822499275208,24.81006383895874,0.6454076170921326,0.4044986665248871
002895,33.604419231414795,0.8178061246871948,0.37336817383766174,23.648767471313477,0.43713510036468506,0.5047707557678223
002901,21.623446941375732,0.8720617294311523,0.1459793895483017,18.889408111572266,0.5883851051330566,0.35951119661331177
002910,29.215035438537598,0.7240747809410095,0.21836812794208527,26.91765785217285,0.6194471120834351,0.3837457299232483
002926,21.5372371673584,0.31282752752304077,0.5081862211227417,18.482195138931274,0.22262060642242432,0.8448566794395447
002928,21.88305377960205,0.7022843360900879,0.30015790462493896,19.358316659927368,0.5418727397918701,0.509536623954773
002929,22.074897289276123,0.5818303227424622,0.32003673911094666,19.570337533950806,0.4487420320510864,0.5798023343086243
002937,27.841944694519043,0.7094287276268005,0.36083489656448364,21.376171112060547,0.44764676690101624,0.3995514512062073
002940,21.65933132171631,0.7489621639251709,0.2526545226573944,19.9812912940979,0.6206545829772949,0.3769875764846802
002954,29.31739568710327,0.9190583825111389,0.1335565596818924,22.05040216445923,0.5014212131500244,0.483181357383728
002966,27.95945405960083,0.8379438519477844,0.1781754493713379,24.97941493988037,0.7281670570373535,0.3065800070762634
002968,23.707587718963623,0.5856210589408875,0.3679385185241699,18.855459690093994,0.34519726037979126,0.541612446308136
002972,34.00044918060303,0.9206454753875732,0.09711126238107681,28.41040849685669,0.861440896987915,0.12575887143611908
002982,10.830849409103394,0.32679522037506104,0.26016226410865784,10.198671817779541,0.26933735609054565,0.9205264449119568
002984,26.471915245056152,0.7698705196380615,0.2458002120256424,19.915783405303955,0.4346957206726074,0.49332550168037415
002995,23.781330585479736,0.7899423241615295,0.2044438272714615,22.77017593383789,0.7313625812530518,0.2580553889274597
003005,24.385576248168945,0.785635232925415,0.15246988832950592,23.604915142059326,0.7653703689575195,0.19674235582351685
003026,30.09861707687378,0.6588478684425354,0.5277054309844971,23.37381601333618,0.39252474904060364,0.5453881025314331
003048,29.049668312072754,0.7986432313919067,0.2761871814727783,23.632056713104248,0.5784558057785034,0.38846373558044434
003061,31.27138376235962,0.9315076470375061,0.11891024559736252,20.587897300720215,0.4271397590637207,0.7158074975013733
003063,32.27642774581909,0.9447206854820251,0.11674083024263382,22.909815311431885,0.5347034931182861,0.6733313798904419
003077,29.60031270980835,0.8654540777206421,0.39508378505706787,23.045413494110107,0.5624021291732788,0.4689432978630066
003081,29.133551120758057,0.8193243145942688,0.3027524948120117,22.966642379760742,0.46357372403144836,0.5512462258338928
003082,28.308796882629395,0.7841952443122864,0.3103066682815552,22.252204418182373,0.4329625964164734,0.5627046227455139
003086,28.23843002319336,0.8299213647842407,0.20940335094928741,27.000174522399902,0.7922433614730835,0.2276264727115631
003117,40.1801061630249,0.9542765617370605,0.11067712306976318,32.8470778465271,0.7577970027923584,0.40036630630493164
003140,26.83603286743164,0.8416979908943176,0.17835098505020142,21.506237983703613,0.6111558079719543,0.48194482922554016
003159,27.956347465515137,0.4835870862007141,0.300914466381073,22.525153160095215,0.32083261013031006,0.6176000237464905
003183,25.64462661743164,0.4134734869003296,0.36911827325820923,21.692230701446533,0.32605648040771484,0.7246285080909729
003195,27.216641902923584,0.8657623529434204,0.20610344409942627,22.329745292663574,0.6138767004013062,0.4290302097797394
003198,25.315778255462646,0.8509346842765808,0.15392880141735077,23.77286672592163,0.7720344662666321,0.2641962170600891
