epoch,train_loss,lr,val_psnr,val_ssim,epoch_time_seconds
1,0.10883298412793213,0.00019995065603657316,,,516.4405872821808
2,0.09179784852183527,0.00019980267284282717,,,16.501336812973022
3,0.08448891145073706,0.00019955619646030802,,,16.824474811553955
4,0.08261600238167577,0.00019921147013144782,,,17.293070077896118
5,0.08123360414885812,0.0001987688340595138,28.061265110969543,0.7651896632276476,16.86366367340088
6,0.08078039934237798,0.0001982287250728689,,,16.72897505760193
7,0.08059797945121924,0.00019759167619387476,,,17.34618592262268
8,0.0798809816232986,0.00019685831611286313,,,16.600635528564453
9,0.07978447319732772,0.00019602936856769434,,,16.381775617599487
10,0.0795029162739714,0.0001951056516295154,27.783828407526016,0.7660511677153409,16.303956508636475
11,0.07869419378952848,0.0001940880768954226,,,16.52942991256714
12,0.07871785921355089,0.0001929776485888252,,,16.617698192596436
13,0.07869039351741473,0.00019177546256839815,,,16.346163511276245
14,0.0782788196992543,0.000190482705246602,,,16.85179901123047
15,0.07826440441939565,0.00018910065241883685,28.405350252985954,0.7726237028837204,16.416320323944092
16,0.07834141484151284,0.00018763066800438642,,,17.468888759613037
17,0.07786024593644672,0.00018607420270039444,,,16.733144760131836
18,0.07778987921774387,0.0001844327925502016,,,16.57380771636963
19,0.07746696788817645,0.00018270805742745628,,,16.93827724456787
20,0.077701105363667,0.00018090169943749484,28.232160706073046,0.7725037192925811,16.46441411972046
21,0.07732818766186635,0.00017901550123756912,,,16.91866374015808
22,0.0770768442708585,0.00017705132427757903,,,16.44844341278076
23,0.07696072622719738,0.00017501110696304607,,,17.47388792037964
24,0.07700624604605966,0.00017289686274214126,,,17.05005383491516
25,0.07666107310603062,0.00017071067811865484,28.46780587732792,0.7753659379668534,16.734705686569214
26,0.07671429136147102,0.00016845471059286895,,,15.96528935432434
27,0.07676857608473964,0.00016613118653236526,,,16.551108360290527
28,0.0763311981327004,0.00016374239897486904,,,15.996717691421509
29,0.07611516271200446,0.00016129070536529774,,,16.598263263702393
30,0.07639490490158399,0.00015877852522924743,28.43785087019205,0.775773237273097,16.486618041992188
31,0.07624958977103233,0.00015620833778521318,,,16.833327293395996
32,0.07603633205095926,0.00015358267949789977,,,17.030216217041016
33,0.07630931894398398,0.00015090414157503725,,,16.752506732940674
34,0.0758196752311455,0.00014817536741017163,,,16.617703914642334
35,0.07567305931200584,0.0001453990499739548,28.716690100729465,0.7805371108464897,16.105566024780273
36,0.07576526024689277,0.0001425779291565074,,,16.87240958213806
37,0.07562262879477608,0.00013971478906347817,,,16.36433458328247
38,0.07552368812676934,0.00013681245526846793,,,16.641053676605225
39,0.07538419901910755,0.00013387379202452928,,,16.97730302810669
40,0.07527257591072056,0.00013090169943749487,28.651380591094494,0.780859371367842,17.223184823989868
41,0.07499685330937306,0.00012789911060392308,,,16.550533294677734
42,0.07515669854150878,0.0001248689887164856,,,16.453744888305664
43,0.07519615201486482,0.00012181432413965439,,,16.87168788909912
44,0.07503551277849409,0.0001187381314585726,,,16.87004327774048
45,0.07480327805711164,0.00011564344650402321,28.869954880326986,0.7854734648019075,16.900672674179077
46,0.07483697440475226,0.00011253332335643057,,,17.320196866989136
47,0.07460699985838598,0.00010941083133185154,,,16.636101484298706
48,0.07475443554835187,0.00010627905195293146,,,16.45449137687683
49,0.07455866545852688,0.00010314107590781295,,,16.383781671524048
50,0.07433562421550353,0.00010000000000000011,28.854895684868097,0.7832909964025021,16.59876275062561
51,0.0747700267781814,9.685892409218728e-05,,,16.572657346725464
52,0.07461421050959163,9.372094804706876e-05,,,16.891918659210205
53,0.07466409164998267,9.058916866814866e-05,,,17.63827681541443
54,0.07423290082563956,8.746667664356967e-05,,,17.075031995773315
55,0.07426127127061287,8.4356553495977e-05,28.92435447871685,0.7834888749755919,16.16163396835327
56,0.07453113498373164,8.126186854142763e-05,,,16.596346139907837
57,0.07430882619486914,7.818567586034586e-05,,,16.267564058303833
58,0.0740362395428949,7.51310112835146e-05,,,16.668893098831177
59,0.07391003289570411,7.210088939607718e-05,,,16.231605052947998
60,0.07391192391514778,6.909830056250538e-05,28.828602615743876,0.782352676615119,16.87628483772278
61,0.07380366066677703,6.612620797547095e-05,,,16.44823718070984
62,0.07371789005895456,6.318754473153232e-05,,,16.802950143814087
63,0.07421744656231669,6.028521093652201e-05,,,16.164260387420654
64,0.0741088964458969,5.742207084349281e-05,,,16.674115896224976
65,0.07387200771934456,5.46009500260454e-05,28.875650849193335,0.7873218541033566,16.062386751174927
66,0.07394467358373934,5.1824632589828526e-05,,,16.90974760055542
67,0.07363986559212207,4.909585842496293e-05,,,17.126105546951294
68,0.0735293770622876,4.641732050210038e-05,,,16.17863416671753
69,0.07363011462406979,4.3791662214786995e-05,,,16.853970766067505
70,0.07376504799144136,4.122147477075276e-05,28.815827302634716,0.784730535466224,16.063389539718628
71,0.07370685711503029,3.8709294634702396e-05,,,16.41405701637268
72,0.07369085024628375,3.625760102513108e-05,,,16.80278778076172
73,0.0734238708184825,3.386881346763488e-05,,,17.49821424484253
74,0.07357989427530104,3.154528940713118e-05,,,16.041319847106934
75,0.07381740694658624,2.92893218813453e-05,28.836180556565523,0.786011650506407,16.389450073242188
76,0.07366146014796363,2.7103137257858912e-05,,,16.314446926116943
77,0.07334045337306129,2.498889303695408e-05,,,16.545885801315308
78,0.07354416658894883,2.2948675722421124e-05,,,16.434462785720825
79,0.07338759046461847,2.0984498762430995e-05,,,17.65689706802368
80,0.07342405401998096,1.9098300562505297e-05,28.911296878010035,0.7853390542790294,16.614538192749023
81,0.07326734099123212,1.7291942572543855e-05,,,16.369500160217285
82,0.07322897197057804,1.556720744979854e-05,,,16.030456066131592
83,0.07333210793634255,1.3925797299605647e-05,,,16.828580141067505
84,0.07343942502306568,1.2369331995613661e-05,,,16.58787226676941
85,0.0731803602228562,1.0899347581163238e-05,28.848506212234497,0.7858413811773062,16.81630802154541
86,0.07304421934402651,9.51729475339808e-06,,,16.97904944419861
87,0.07334593989782863,8.224537431601922e-06,,,16.66545033454895
88,0.07347316450128953,7.022351411174877e-06,,,17.584909915924072
89,0.07333049314717452,5.911923104577465e-06,,,16.516337394714355
90,0.07296945001516077,4.894348370484655e-06,29.050507467240095,0.7883508328348399,16.20036506652832
91,0.07332045382095707,3.970631432305711e-06,,,16.354801654815674
92,0.07297097734279102,3.141683887136909e-06,,,16.53878927230835
93,0.07294617527061038,2.4083238061252716e-06,,,16.47690486907959
94,0.07308026779856946,1.771274927131131e-06,,,16.488221645355225
95,0.07336853790200419,1.2311659404862362e-06,28.932606875896454,0.7858991738408804,16.287333726882935
96,0.07299241419467661,7.885298685522249e-07,,,16.721189260482788
97,0.07279096825255288,4.4380353969200116e-07,,,17.56733751296997
98,0.07319567364950975,1.9732715717284445e-07,,,18.203623056411743
99,0.07322950770871507,4.934396342684008e-08,,,16.490448713302612
100,0.07326701088911958,0.0,29.122658900916576,0.7900391574949026,16.79662322998047
